{"prince_georges":["prince george s","prince george's","prince georges","p geor","p geo","prince george","prince georg","p. geor","prin geor"],"prince_william":["prince william","pr. william","pr william"],"prince":["prince","prin"],"montgomery":["montgomery","montgomry","montgom","mongomery","mont"],"baltimore":["baltimore","balt"],"le_sueur":["le sueur","lesueur"],"lewis":["lewis","lewisco"],"hamp":["hampshire","hamp"],"doddridge":["doddridge","dodridge","dodd"],"pendleton":["pendleton","pend"],"pocahontas":["pocahontas","poca"],"rand":["randolph","rand","ran"],"preston":["preston","pres"],"monongalia":["monongalia","monogalia"],"humboldt":["humboldt","humbolt"],"audubon":["audubon","audabon"],"atchison":["atchison","atchinson"],"buena_vista":["buena vista","buean vista"],"buch":["buchanan","buch"],"geary":["geary","greary"],"pottawatomie":["pottawatomie","pottawotamie"],"saint_clair":["saint clair","st. clair","st clair"],"saint_louis":["saint louis","st louis","st. louis"],"saint_charles":["saint charles","st. charles","st charles"],"burleigh":["burleigh","bruliegh","bruleigh"],"northumberland":["northumberland","no umberland"],"anasco":["a\u00f1asco","anasco"],"rappahannock":["rappahannock","rappahannaok"],"albemarle":["albemarle","abermarle","abemarle"],"valencia":["valencia","velencia"],"bedford":["bedford","beford"],"louisa":["louisa","lousia"],"mercer":["mercer","mercert"]}