{"washington":["washington","wash."],"illinois":["illinois","ill"],"american":["american","amer","amer."],"savannah":["savannah","savanah"],"montgomery":["montgomery","montgomry","montgom","mongomery"],"mountain":["mountain","mtn"],"school":["school","schl","sch"],"hill":["hill","hil"],"valley":["valley","valey","vly"],"platte":["platte","plat"],"plantation":["plantation","plnt","plt"],"saint_george":["saint george","st. george","st george"],"arrington":["arrington","arrinton"],"bismarck":["bismarck","bismark"],"saint_ann":["saint ann","st. ann","st ann"],"saint_john":["saint john","st. john","st john"],"saint_helen":["saint helens","st. helen's","saint helen","st. helen","st helen"],"nicolaus":["nicolaus","nicholaus"],"denison":["denison","denisen"]}