{"countyRoad":["county road","co road","co rd","county rd","c r","cr"],"parkRoad":["national park road","park road","park rd"],"stateLands":["state lands road","state lands rd","state lands"],"countyHighway":["county highway","co highway","co hwy"],"connector":["connector","conn"],"privateRoad":["private road","priv road","prvt road","priv rd","priv road","pr"],"stateRoute":["state route","state rte","st rte","st rt","s r","sr"],"tempRoute":["temporary route","temp rte"],"stateHighway":["state highway","st hwy","sh","psh"],"stateSecondary":["state secondary","st secondary"],"cityRoute":["city route","city rt","city rte"],"thruway":["thruway","thwy","th"],"usHighway":["us highway","us route","us rte","us"],"avenue":["avenue","ave"],"court":["court","crt","ct"],"crossing":["crossing","crss","crs","cross","xng"],"drive":["drive","drv","dr","d"],"freeway":["freeway","frwy","fwy","free","f"],"highway":["highway","hwy","hw","high","h"],"interstate":["interstate","int","i"],"lane":["lane","ln"],"nfs":["national forest service","nfs road","forest road","forest track","fire road","fire track","fire trail"],"parkway":["parkway","pkwy"],"pass":["pass","pss","pa","p"],"road":["road","rd"],"route":["route","rte","rt","r"],"street":["street","strt","st"],"state":["al","ak","az","ar","ca","co","ct","de","dc","fl","ga","hi","id","il","in","ia","ks","ky","la","me","md","ma","mi","mn","ms","mo","mt","ne","nv","nh","nj","nm","ny","nc","nd","oh","ok","or","pa","ri","sc","sd","tn","tx","ut","vt","va","wa","wv","wi","wy","pr","k"]}