{"route":["route","rte","rt","r"],"freeway":["freeway","frwy","fwy","free","f"],"highway":["highway","hwy","hw","high","h"],"interstate":["interstate","int","i"],"countyRoad":["county road","co road","co rd","county rd","c r","cr"],"stateRoute":["state route","state rte","st rte","st rt","s r","sr"],"stateHighway":["state highway","st hwy","sh","psh"],"usHighway":["us highway","us route","us rte","us"],"countyHighway":["county highway","co highway","co hwy"],"stateSecondary":["state secondary","st secondary"],"thruway":["thruway","thwy","th"]}