{"arroyo":["arroyo","ary"],"bayou":["bayou","byou","byo","bay"],"brook":["brook","brk","bk","bro","b"],"branch":["branch","brnch","brn","bra","br"],"creek":["creek","crk","ck","cr"],"canal":["canal","cnl","can","cn"],"canyon":["canyon","cnyn"],"channel":["channel","chnl","chn","cha","ch"],"cove":"cove","dam":"dam","delta":"delta","ditch":["ditch","dtch","dt","dit","d"],"eddy":["eddy","edd"],"falls":["falls","fall","fll","fal","f"],"floodway":["floodway","fld"],"fork":["fork","frk","fk","f"],"forks":["forks","frks"],"gorge":"gorge","gully":"gully","hollow":["hollow","hllw","hlw","hol","h"],"inlet":"inlet","kill":["kill","kll","kl","kil","k"],"lakes":["lakes","lake","lks","lk","lak","la","l"],"lock":"lock","ponds":["ponds","pond"],"river":["river","rive","rvr","riv","rv","r"],"rio":"rio","run":["run","rn"],"overflow":["overflow","overflo","overf"],"slough":["slough","slgh","slo","sl"],"spillway":["spillway","spw"],"stream":["stream","stre","str"],"swamp":["swamp","swmp","swa","sw"],"tributary":["tributary","trb","trib","tr","t"],"wash":["wash","wsh","w"]}