{"south_branch":["south branch","southern brnch","so brn","s bra","south br"],"south_fork":["south fork","southern frk","so fk","s f"],"south_tributary":["south tributary","southern trb","so trib","s tr","south t"],"north_branch":["north branch","northern brnch","no brn","n bra","north br"],"north_fork":["north fork","northern frk","no fk","n f"],"north_tributary":["north tributary","northern trb","no trib","n tr","north t"],"east_branch":["east branch","eastern brnch","e brn","east bra","eastern br"],"east_fork":["east fork","eastern frk","e fk","east f"],"east_tributary":["east tributary","eastern trb","e trib","east tr","eastern t"],"west_branch":["west branch","western brnch","w brn","west bra","western br"],"west_fork":["west fork","western frk","w fk","west f"],"west_tributary":["west tributary","western trb","w trib","west tr","western t"],"nw_branch":["northwest branch","nw brnch","northwest brn","nw bra","northwest br"],"nw_fork":["northwest fork","nw frk","northwest fk","nw f"],"nw_tributary":["northwest tributary","nw trb","northwest trib","nw tr","northwest t"],"ne_branch":["northeast branch","ne brnch","northeast brn","ne bra","northeast br"],"ne_fork":["northeast fork","ne frk","northeast fk","ne f"],"ne_tributary":["northeast tributary","ne trb","northeast trib","ne tr","northeast t"],"sw_branch":["southwest branch","sw brnch","southwest brn","sw bra","southwest br"],"sw_fork":["southwest fork","sw frk","southwest fk","sw f"],"sw_tributary":["southwest tributary","sw trb","southwest trib","sw tr","southwest t"],"se_branch":["southeast branch","se brnch","southeast brn","se bra","southeast br"],"se_fork":["southeast fork","se frk","southeast fk","se f"],"se_tributary":["southeast tributary","se trb","southeast trib","se tr","southeast t"],"main_branch":["main branch","mn brnch","main brn","mn bra","main br"],"main_fork":["main fork","mn frk","main fk","mn f"],"main_tributary":["main tributary","mn trb","main trib","mn tr","main t"],"middle_branch":["middle branch","mid brnch","middle brn","mid bra","middle br"],"middle_fork":["middle fork","mid frk","middle fk","mid f"],"middle_tributary":["middle tributary","mid trb","middle trib","mid tr","middle t"],"left_branch":["left branch","lt brnch","l brn","left bra","lt br"],"left_fork":["left fork","lt frk","l fk","left f"],"left_tributary":["left tributary","lt trb","l trib","left tr","lt t"],"right_branch":["right branch","rt brnch","r brn","right bra","rt br"],"right_fork":["right fork","rt frk","r fk","right f"],"right_tributary":["right tributary","rt trb","r trib","right tr","rt t"],"upper_branch":["upper branch","upr brnch","upper brn","upr bra","upper br"],"upper_fork":["upper fork","upr frk","upper fk","upr f"],"upper_tributary":["upper tributary","upr trb","upper trib","upr tr","upper t"],"lower_branch":["lower branch","low brnch","lower brn","low bra","lower br"],"lower_fork":["lower fork","low frk","lower fk","low f"],"lower_tributary":["lower tributary","low trb","lower trib","low tr","lower t"],"little_branch":["little branch","litttle brnch","ltle brn","little bra","litttle br"],"little_fork":["little fork","litttle frk","ltle fk","little f"],"little_tributary":["little tributary","litttle trb","ltle trib","little tr","litttle t"],"big_branch":["big branch","big brnch","big brn","big bra","big br"],"big_fork":["big fork","big frk","big fk","big f"],"big_tributary":["big tributary","big trb","big trib","big tr","big t"]}