{"39":{"LOCATION":{"PATTERN":"\\<[[:alnum:]]{1,3}-[[:alnum:]]{1,5}[[:punct:]]?[[:alnum:]]{0,3}[[:punct:]]?[[:alnum:]]{0,3}\\>","SUB":"","MOVE":"BRIDGE_NAME","ADDTO":"NA","ADD":"NA"}},"47":{"LOCATION":{"PATTERN":"\\<[[:alnum:]]{1,3}-[[:alnum:]]{1,5}[[:punct:]]?[[:alnum:]]{0,3}[[:punct:]]?[[:alnum:]]{0,3}\\>","SUB":"","MOVE":"BRIDGE_NAME","ADDTO":"NA","ADD":"NA"},"BRIDGE":{"PATTERN":"\\<fau[[:space:]]?[[:alpha:]]{0,3}[[:space:]]?[[:digit:]]{1,5}\\>","SUB":"","MOVE":"BRIDGE_NAME","ADDTO":"NA","ADD":"NA"}},"19":{"ROUTE":{"PATTERN":"[[:alpha:]][[:digit:]]{1,4}","SUB":"NA","MOVE":"NA","ADDTO":"ROUTE_PREFIX","ADD":"county highway"}}}