{"STFIPS":["STFIPS","STATE_CODE_001","ITEM1","STATE_CODE_001","ITEM98A","OTHER_STATE_CODE_98A"],"MAT":["STRUCTURE_KIND_043A","ITEM43A"],"TYPE":["STRUCTURE_TYPE_043B","ITEM43B"],"LOCATION":["LOCATION_009","ITEM9"],"COUNTY":["COUNTY_CODE_003","ITEM3"],"CITY":["LOCATION_009","ITEM9"],"ROAD":["FACILITY_CARRIED_007","ROUTE_NUMBER_005D","ITEM7","ITEM5B"],"ROUTE":["ROUTE_NUMBER_005D","ROUTE_PREFIX_005B","ITEM5D","ITEM5B"],"BRIDGE":["FACILITY_CARRIED_007","ITEM7"],"STREAM":["FEATURES_DESC_006A","NAVIGATION_038","ITEM6A","ITEM38"],"BIN":["STRUCTURE_NUMBER_008","ITEM8"],"ID":["OBJECTID_new","ObjectID_new","ITEM8","STRUCTURE_NUMBER_008"]}